category,key,comment
animal,dog,ワンちゃんのフードを見直すときは、いきなり全部変えず、少しずつ量を変えていくのがおすすめです。まずはサンプルや小袋で試してみてくださいね
animal,cat,ネコちゃんのフードを見直すときは、いきなり全部変えず、少しずつ量を変えていくのがおすすめです。まずはサンプルや小袋で試してみてくださいね。肉食寄りなので、合わない素材がないかもあわせて見てあげてください
cond,tear,"ワンちゃん・ネコちゃんの目元が茶色く汚れてしまう「涙やけ」。お顔の印象も変わるため、食事から見直してあげたいと悩む飼い主様はとても多いです。

🔍 涙やけが気になるときのフード選びのポイント
・主原料が明確：何の肉や魚かハッキリわかるフード
・添加物への配慮：着色料や香料が不使用のフード
・お腹の健康維持：乳酸菌(納豆菌)やオリゴ糖などの成分を配合
・特定アレルゲン排除：体質に合わせて原材料（小麦・牛肉など）を避ける
・フード以外：食器の素材、おやつの量、顔周りの汚れ方もあわせて見てみる

⚠️ 注意点
涙やけの原因は、食事によるアレルギーだけでなく、生まれつきの鼻涙管の狭さや目の疾患など、物理的なトラブルの場合も多くあります。フードを変更しても改善が見られない場合や、目元に明らかな異常がある場合は、自己判断せず動物病院へ相談してあげるのが一番安心です。

当サイト（pet925）では、「食べれば涙やけが治るフード」としてではなく、毎日の健康維持の候補に上がりやすい上記の条件でフードを絞り込んでいます。愛犬・愛猫にぴったりのフードが見つかるお手伝いができれば幸いです。
（※下の一覧は人気順ではありません）"
cond,diet,"ワンちゃん・ネコちゃんの体重管理。食べすぎやふっくら体型が気になって、食事から見直したいと悩む飼い主様はとても多いです。

🔍 体重管理が気になるときのフード選びのポイント
・満腹感：量だけ極端に減らすより、満腹感が続きやすそうかを見る
・表記の確認：「体重管理用」「ライト」「ウェイトケア」などの表記があるか
・タンパクのバランス：主原料に肉や魚が来ていて、タンパクを極端に削っていないか
・食物繊維：おねだりが強い子は、食物繊維が意識されたものも候補になりやすい

⚠️ 注意点
「必ず痩せるフード」はありません。避妊・去勢のあとに少しふっくらしてきてから見直ししても遅くありません。すでに病院で肥満を指摘されている場合は、市販の体重管理フードより、獣医師さんが指定する食事療法食を優先していただけると安心です。持病がある子は、変える前に獣医師さんへ確認してみてくださいね。

当サイト（pet925）では、「食べれば痩せるフード」としてではなく、体重管理向けや食物繊維多めなど、候補に上がりやすい条件でフードを絞り込んでいます。愛犬・愛猫にぴったりのフードが見つかるお手伝いができれば幸いです。
（※下の一覧は人気順ではありません）"
cond,kidney,"ワンちゃん・ネコちゃんの腎臓まわり。水をよく飲む、おしっこが薄い、シニア期の数値、などが気になって食事から見直したいと悩む飼い主様はとても多いです。

🔍 腎臓が気になるときのフード選びのポイント
・病院の有無：いま診断や療法食の指示があるかで、まず案内が分かれます
・表記の確認：「腎臓の健康維持」など、腎臓まわりの表記があるか
・リン・塩分：リンやナトリウムが意識されていそうか（自己判断で極端に削らない）
・療法食の扱い：すでに指示がある子は、獣医師さんの指導のもとで選ぶ

⚠️ 注意点
健康な子向けのサポート食を、自己判断で長く続けるのはおすすめできません。「腎臓病に効く」「治る」という扱い方はしていません。尿石や下部尿路は別のタグです。ワンちゃんでは心臓まわりと重なることもあります。持病がある子は、変える前に一度確認してみてくださいね。

当サイト（pet925）では、「腎臓が治るフード」としてではなく、腎臓まわりの表記がある商品を絞り込んでいます。愛犬・愛猫にぴったりのフードが見つかるお手伝いができれば幸いです。
（※下の一覧は人気順ではありません）"
cond,urinary,"ワンちゃん・ネコちゃんの尿路まわり。頻尿、血尿、結石、おしっこの臭い、などが気になって食事から見直したいと悩む飼い主様はとても多いです。

🔍 尿路が気になるときのフード選びのポイント
・表記の確認：「尿石ケア」「ユリナリー」「下部尿路」など、尿路まわりの表記があるか
・水分の工夫：ドライにぬるま湯をかけたり、ウェットを併用したりしやすい設計か
・ミネラル：マグネシウムやpHまわりが意識されていそうか
・療法食の扱い：すでに結石の診断や療法食の指示がある子は、獣医師さんの指導のもとで選ぶ

⚠️ 注意点
健康な子向けのサポート食を、自己判断で長く続けるのはおすすめできません。「結石が溶ける」「治る」という扱い方はしていません。腎臓の数値や療法食は別のタグです。持病がある子は、変える前に一度確認してみてくださいね。

当サイト（pet925）では、「尿路が治るフード」としてではなく、尿石・ユリナリーなど尿路まわりの表記がある商品を絞り込んでいます。愛犬・愛猫にぴったりのフードが見つかるお手伝いができれば幸いです。
（※下の一覧は人気順ではありません）"
cond,skin,"ワンちゃん・ネコちゃんの皮膚のかゆみ、フケ、赤み。体臭もきつくなるので、食事から見直してあげたいと悩む飼い主様はとても多いです。

🔍 皮膚が気になるときのフード選びのポイント
・油分のバランス：オメガ3・オメガ6など、油分が意識されていそうか
・アレルゲン配慮：牛肉・小麦・大豆など、合わなそうなものを避けたいときの選択肢があるか（魚・ラム・鹿などが候補になることもあります）
・主原料が明確：何の肉や魚かハッキリわかるフード
・肌まわりの配合：ビタミンEなど、肌まわりのケアを意識した配合があるか

⚠️ 注意点
「これを食べれば治る」というフードはありません。皮膚の生まれ変わりには時間がかかることが多いので、切り替えたあとは焦らず様子を見て、合わないなと感じたら早めにやめましょう。明らかに強い症状があるときは、先に病院へ相談してみてくださいね。

当サイト（pet925）では、「食べれば皮膚が治るフード」としてではなく、オメガ脂肪酸やタンパク源の見直し、アレルゲンへの配慮など、候補に上がりやすい条件でフードを絞り込んでいます。愛犬・愛猫にぴったりのフードが見つかるお手伝いができれば幸いです。
（※下の一覧は人気順ではありません）"
cond,joint,"ワンちゃん・ネコちゃんの関節まわり。シニア期だけでなく、気になり始めたタイミングでも、食事から見直したいと悩む飼い主様はとても多いです。

🔍 関節が気になるときのフード選びのポイント
・関節サポート表記：グルコサミンやコンドロイチンなど、関節サポートの表記があるか
・オメガ3：サーモンオイルや緑イ貝など、オメガ3が意識されていそうか
・体重との関係：ふっくら気味の子は、関節への負担も増えやすいので体重管理もあわせて見る
・タンパクの量：支える筋肉のために、タンパクが極端に少なくないか

⚠️ 注意点
「関節が治るフード」はありません。歩き方や立ち上がりが明らかに変なとき、すでに痛みが強いときは、フード選びより先に病院へ連れて行ってあげてくださいね。

当サイト（pet925）では、「食べれば関節が治るフード」としてではなく、グルコサミン・コンドロイチンやオメガ3など、候補に上がりやすい条件でフードを絞り込んでいます。愛犬・愛猫にぴったりのフードが見つかるお手伝いができれば幸いです。
（※下の一覧は人気順ではありません）"
cond,tooth,"ワンちゃん・ネコちゃんのお口まわり。毎日の歯磨きが大変で、食事からも補助できないかと悩む飼い主様はとても多いです。

🔍 歯まわりが気になるときのフード選びのポイント
・噛みごたえ：丸呑みしにくい、少し噛みごたえのある粒か（主にワンちゃんで見ます）
・ケア表記：歯垢・歯石まわりのケア表記があるか
・お口まわりの配合：お口まわりを意識した配合があるか
・対象の違い：この案内はワンちゃん寄りのことが多く、ネコちゃんのお口事情は少し違うこともあります

⚠️ 注意点
「フードだけで歯石が取れる」とは言えません。あくまで補助のひとつ、くらいに考えてもらえると安心です。すでに歯がグラグラしている子や、噛む力が落ちているシニアには、硬め・大きめの粒が負担になることがあります。そのときは無理にドライでがんばらず、ウェットや別のケア方法も検討しつつ、気になる症状は病院へ相談してみてくださいね。歯磨きの練習は、小さいうちから口の中に手を入れても平気にしておくのもおすすめです。

当サイト（pet925）では、「食べれば歯石が取れるフード」としてではなく、粒の大きさや噛みごたえ、歯まわりのケアを意識した候補でフードを絞り込んでいます。愛犬・愛猫にぴったりのフードが見つかるお手伝いができれば幸いです。
（※下の一覧は人気順ではありません）"
cond,appetite,"ワンちゃん・ネコちゃんの食いつき。食べむらが続いて、匂いの強いフードや食べ方の工夫を探したいと悩む飼い主様はとても多いです。

🔍 食いつきが気になるときのフード選びのポイント
・匂いを立たせる：カリカリにぬるま湯を少しかけてみる
・トッピングの仕方：乗せるより、フードに混ぜた方がうまくいく子が多いです
・鮮度の維持：開封後の酸化で匂いが落ちることもあるので、小分け保存も大事です
・好みの傾向：ワンちゃんはお肉の匂い、ネコちゃんはお肉・お魚の強い匂いを好む傾向がありますが、個体差が大きいです

⚠️ 注意点
「これを出せば必ず食べる」はありません。好みは子によって違います。持病がある子は、あげるものを変える前に獣医師さんへ確認しましょう。元気がない・吐く・何日も食べない、などがあるときは、フード選びより先に病院へ連れて行ってあげてくださいね。

当サイト（pet925）では、「必ず食べるフード」としてではなく、匂いが立ちやすいものやタンパク多めなど、候補に上がりやすい条件でフードを絞り込んでいます。愛犬・愛猫にぴったりのフードが見つかるお手伝いができれば幸いです。
（※下の一覧は人気順ではありません）"
cond,gf,"グレインフリー（穀物不使用）のフード。穀物アレルギーや原材料の見直しをきっかけに、試してみたいと悩む飼い主様はとても多いです。

🔍 グレインフリーが気になるときのフード選びのポイント
・主原料が明確：何の肉や魚かハッキリわかるフード
・用語の違い：「グレインフリー」と「グルテンフリー」は別物です。麦だけ避けるのと、穀物全般を避けるのでは範囲が違います
・カロリー：肉や魚多めだとカロリーが高めなことも多いので、ふっくら気味の子は給餌量もあわせて見る
・切り替え方：いきなり全部ではなく、少しずつ混ぜていく

⚠️ 注意点
ワンちゃんでもネコちゃんでも、合う子もいれば合わない子もいます。「絶対これが正解」ではありません。毛艶やお腹が楽になった、という声もありますが、効果を保証するものではありません。合わないなと感じたら、早めに戻すか別の候補を検討してみてくださいね。

当サイト（pet925）では、「グレインフリーなら必ず合うフード」としてではなく、穀物不使用の候補でフードを絞り込んでいます。愛犬・愛猫にぴったりのフードが見つかるお手伝いができれば幸いです。
（※下の一覧は人気順ではありません）"
cond,digestive,"ワンちゃん・ネコちゃんのお腹まわり。ゆるい子、便秘気味な子など、食事から見直したいと悩む飼い主様はとても多いです。

🔍 お腹が気になるときのフード選びのポイント
・善玉菌まわり：乳酸菌やオリゴ糖など、お腹まわりを意識した配合があるか
・食物繊維：ゆるい子と硬い子で向きが違うことがあるので、バランスを見る
・原材料の選択肢：合わなそうな原材料を避けたいときの選択肢があるか
・切り替え方：いきなり全部ではなく、少しずつ混ぜていく

⚠️ 注意点
「お腹が必ず整うフード」はありません。強い症状や長引くときは、先に病院へ相談してみてくださいね。ワンちゃんでは涙やけや皮膚とあわせて気にされることもありますが、まずはお腹の様子を見ながら進めてみてくださいね。

当サイト（pet925）では、「食べればお腹が整うフード」としてではなく、善玉菌や食物繊維など、候補に上がりやすい条件でフードを絞り込んでいます。愛犬・愛猫にぴったりのフードが見つかるお手伝いができれば幸いです。
（※下の一覧は人気順ではありません）"
cond,lamb,"ラム肉のフード。ほかのお肉で合わなそうな子の見直しで、まず候補に上がることが多いタンパク源です。

🔍 ラム肉が気になるときのフード選びのポイント
・原材料の位置：原材料の最初の方にラムが来ているか
・単一タンパク：アレルギー配慮で選ぶなら、チキンなどが混ざっていないかも確認する
・裏面の確認：商品名がラムでも、裏面では別の肉が入っていることがあるので、原材料欄を見る

⚠️ 注意点
「アレルギーが出ない」「痩せる」「涙やけに効く」といった保証はありません。最近は鹿や魚など、ほかのタンパク源の選択肢も増えています。切り替えるときは少しずつで大丈夫です。合わないなと感じたら早めにやめましょう。強い皮膚症状や明らかな不調があるときは、フード選びより先に病院へ相談してみてくださいね。

当サイト（pet925）では、「ラムなら必ず合うフード」としてではなく、タンパク源見直しの候補としてラムを使った商品を絞り込んでいます。愛犬・愛猫にぴったりのフードが見つかるお手伝いができれば幸いです。
（※下の一覧は人気順ではありません）"
keyword,心臓,"ワンちゃん・ネコちゃんの心臓まわり。塩分やシニア期の食事が気になって、フードを見直したいと悩む飼い主様はとても多いです。

🔍 心臓が気になるときのフード選びのポイント
・塩分：塩分（ナトリウム）が控えめでないかを見てみる
・配合の確認：タウリンやカルニチン、オメガ3など、心臓まわりを意識した配合があるか（特にネコちゃんはタウリンが大切、と言われます）
・療法食の検討：すでに心雑音などがある子は、一般のシニアフードより食事療法食の検討を
・若い子への注意：健康な若い子に、厳しく制限した療法食を自己判断であげるのはおすすめしません

⚠️ 注意点
「心臓によいフード」「心臓病に効く」という扱い方はしていません。持病がある子は、獣医師さんの指示が最優先です。ワンちゃんとネコちゃんでは必要な栄養の前提も少し違うので、ネットの一般論だけで決めない方が安心です。食べむらがあるときは、おやつやパウチを乗せるより、フードに混ぜた方がうまくいく子もいます。あげるものを変える前に、獣医師さんへ確認してみてくださいね。

当サイト（pet925）では、「心臓病が治るフード」としてではなく、塩分や心臓まわりが気になるときに見られやすいポイントを案内しています。愛犬・愛猫にぴったりのフードが見つかるお手伝いができれば幸いです。
（※下の一覧は人気順ではありません）"
keyword,納豆菌,"納豆菌などの善玉菌。お腹まわりや、ワンちゃんの涙やけが気になるときによく話題にのぼりやすいです。

🔍 納豆菌が気になるときのフード選びのポイント
・配合の確認：納豆菌や乳酸菌など、お腹まわりを意識した配合があるか
・ふやかし方：熱湯ではなく、ぬるま湯か水の方が安心です（熱いと菌が弱ることがあります）
・ワンちゃんのトッピング：タレなしの人間用納豆を少量乗せる人もいますが、合わない子もいます
・ネコちゃんへの注意：肉食寄りなので、人間用の納豆より、ネコちゃん向けのフードやサプリの方が無難なことが多いです

⚠️ 注意点
「入れれば治る」「免疫が上がる」といった保証はありません。あくまで補助のひとつ、くらいに考えてもらえると安心です。合わないなと感じたら無理に続けず、気になる症状が強いときは病院へ相談してみてくださいね。

当サイト（pet925）では、「納豆菌で必ずよくなるフード」としてではなく、善玉菌まわりが気になるときに見られやすいポイントを案内しています。愛犬・愛猫にぴったりのフードが見つかるお手伝いができれば幸いです。
（※下の一覧は人気順ではありません）"
keyword,避妊,"避妊のあとの食事。代謝や食欲の変化でふっくらしやすくなり、体重管理を考え始める飼い主様はとても多いです。

🔍 避妊後のフード選びのポイント
・様子を見る：しばらくは今のフードのまま様子を見て、丸くなってきたら体重管理向けも候補になる
・おねだり対策：おねだりが増えた子は、食物繊維多めも検討する
・量の調整：量を急に大きく減らすより、様子を見ながら調整してみる
・おやつの見直し：まずは量とおやつの見直しからでも十分です

⚠️ 注意点
「手術したらすぐ専用フードに変えなきゃ」ではありません。持病がある子は、変える前に獣医師さんへ確認してみてくださいね。すでに病院で肥満を指摘されている場合は、市販の体重管理フードより、獣医師さんが指定する食事療法食を優先していただけると安心です。

当サイト（pet925）では、「避妊後専用で必ず痩せるフード」としてではなく、体重管理や食物繊維など、候補に上がりやすい条件を案内しています。愛犬・愛猫にぴったりのフードが見つかるお手伝いができれば幸いです。
（※下の一覧は人気順ではありません）"
keyword,去勢,"去勢のあとの食事。代謝や食欲の変化でふっくらしやすくなり、体重管理を考え始める飼い主様はとても多いです。

🔍 去勢後のフード選びのポイント
・様子を見る：しばらくは今のフードのまま様子を見て、丸くなってきたら体重管理向けも候補になる
・おねだり対策：おねだりが増えた子は、食物繊維多めも検討する
・量の調整：量を急に大きく減らすより、様子を見ながら調整してみる
・おやつの見直し：まずは量とおやつの見直しからでも十分です

⚠️ 注意点
「手術したらすぐ専用フードに変えなきゃ」ではありません。持病がある子は、変える前に獣医師さんへ確認してみてくださいね。すでに病院で肥満を指摘されている場合は、市販の体重管理フードより、獣医師さんが指定する食事療法食を優先していただけると安心です。

当サイト（pet925）では、「去勢後専用で必ず痩せるフード」としてではなく、体重管理や食物繊維など、候補に上がりやすい条件を案内しています。愛犬・愛猫にぴったりのフードが見つかるお手伝いができれば幸いです。
（※下の一覧は人気順ではありません）"
keyword,食べむら,"ワンちゃん・ネコちゃんの食べむら。好みが変わったり、匂いが弱いと感じたりして、食事の工夫を探したいと悩む飼い主様はとても多いです。

🔍 食べむらが気になるときのフード選びのポイント
・匂いの強さ：素材の匂いが立ちやすそうなフードかを見てみる
・トッピングの変化：毎日同じにせず、たまに変えてみる
・ふやかし：カリカリにぬるま湯を少しかけて、匂いを立たせる
・お皿の管理：出しっぱなしにせず、しばらくしたら下げるのも一つの方法です
・好みの傾向：ワンちゃんはお肉の匂い、ネコちゃんはお肉・お魚の強い匂いを好む傾向がありますが、個体差が大きいです

⚠️ 注意点
「これを出せば必ず食べる」はありません。元気がない・吐く・何日も食べない、などがあるときは、フード選びより先に病院へ連れて行ってあげましょう。持病がある子は、あげるものを変える前に獣医師さんへ確認してみてくださいね。

当サイト（pet925）では、「必ず食べるフード」としてではなく、匂いの出し方や食べ方の工夫など、候補に上がりやすいポイントを案内しています。愛犬・愛猫にぴったりのフードが見つかるお手伝いができれば幸いです。
（※下の一覧は人気順ではありません）"
keyword,涙やけ,"ワンちゃん・ネコちゃんの目元が茶色く汚れてしまう「涙やけ」。お顔の印象も変わるため、食事から見直してあげたいと悩む飼い主様はとても多いです。ネコちゃんでも顔周りの汚れは見ますが、同じ選び方がそのまま当てはまるとは限りません。

🔍 涙やけが気になるときのフード選びのポイント
・タンパク源が明確：何の肉や魚かハッキリわかるフード（「肉類」だけ、など曖昧すぎないか）
・候補になりやすい条件：穀物不使用や善玉菌など、気になるときに候補に上がりやすい条件があるか
・フード以外：食器の素材、おやつの量、顔周りの汚れ方もあわせて見てみる

⚠️ 注意点
「涙やけが治るフード」はありません。原因はフード以外にもあるので、まずは様子を見ながら、気になるときは獣医師さんに相談していただけると安心です。タグの「涙やけ」からも候補を絞れます。

当サイト（pet925）では、「食べれば涙やけが治るフード」としてではなく、毎日の健康維持の候補に上がりやすい条件を案内しています。愛犬・愛猫にぴったりのフードが見つかるお手伝いができれば幸いです。
（※下の一覧は人気順ではありません）"
keyword,アレルギー,"ワンちゃん・ネコちゃんのアレルギー。かゆみや合わなそうな原材料が気になって、タンパク源の見直しを考えたいと悩む飼い主様はとても多いです。

🔍 アレルギーが気になるときのフード選びのポイント
・主原料が明確：何の肉や魚かハッキリわかるフード
・タンパク源の選択肢：合わなそうなものを避けたいときは、ラム・魚・鹿なども候補になることがあります
・裏面の確認：商品名だけでなく、原材料欄で混ざっていないかも見てみる

⚠️ 注意点
「アレルギーが治るフード」という扱い方はしていません。診断や除去食は、獣医師さんの指示が最優先です。強い皮膚症状やかゆみがあるときは、フード選びより先に病院へ相談してみてくださいね。

当サイト（pet925）では、「食べればアレルギーが治るフード」としてではなく、主原料やタンパク源の見直しなど、候補に上がりやすいポイントを案内しています。愛犬・愛猫にぴったりのフードが見つかるお手伝いができれば幸いです。
（※下の一覧は人気順ではありません）"
keyword,グレインフリー,"グレインフリー（穀物不使用）のフード。穀物アレルギーや原材料の見直しをきっかけに、試してみたいと悩む飼い主様はとても多いです。

🔍 グレインフリーが気になるときのフード選びのポイント
・主原料が明確：何の肉や魚かハッキリわかるフード
・用語の違い：「グレインフリー」と「グルテンフリー」は別物です
・カロリー：肉や魚多めだとカロリーが高めなこともあるので、ふっくら気味の子は給餌量も見てみる
・切り替え方：いきなり全部ではなく、少しずつ混ぜていく

⚠️ 注意点
ワンちゃんでもネコちゃんでも、合う子もいれば合わない子もいます。「絶対これが正解」ではありません。合わないなと感じたら、早めに戻すか別の候補を検討してみてくださいね。タグの「穀物不使用」からも候補を絞れます。

当サイト（pet925）では、「グレインフリーなら必ず合うフード」としてではなく、穀物不使用の候補を案内しています。愛犬・愛猫にぴったりのフードが見つかるお手伝いができれば幸いです。
（※下の一覧は人気順ではありません）"
keyword,シニア,"ワンちゃん・ネコちゃんのシニア期。関節・歯・体重・食べむらなど、いくつか重なることが多く、食事を見直したいと悩む飼い主様はとても多いです。

🔍 シニアが気になるときのフード選びのポイント
・噛む力：粒の大きさや硬さも見てみる
・気になるポイントにあわせる：関節や体重の表記があるかも確認してみる
・食欲の低下：匂いの工夫やふやかしも候補になります
・犬と猫の違い：ワンちゃんとネコちゃんで、気になりやすいポイントが少し違うこともあります

⚠️ 注意点
「シニアだからこれを食べれば安心」という一択にはしていません。持病がある子は、獣医師さんの指示が最優先です。様子が明らかに変なときは、フード選びより先に病院へ相談してみてくださいね。年齢のタグからも候補を絞れます。

当サイト（pet925）では、「シニアなら必ずこのフード」としてではなく、年齢や気になるポイントにあわせて候補を探す案内をしています。愛犬・愛猫にぴったりのフードが見つかるお手伝いができれば幸いです。
（※下の一覧は人気順ではありません）"
